country,alpha_2_code,alpha_3_code,numeric_code,indicator,time_period,obs_value,sex,unit_multiplier,unit_of_measure,observation_status,observation_confidentaility,time_period_activity_related_to_when_the_data_are_collected,current_age
Afghanistan,AF,AFG,4,Malaria diagnostics - percentage of febrile children (under age 5) who had a finger or heel stick for malaria testing,2023,11.4,Female,Units,%,Reported,Free,End of fieldwork,Under 5 years old
Afghanistan,AF,AFG,4,Malaria diagnostics - percentage of febrile children (under age 5) who had a finger or heel stick for malaria testing,2023,11.5,Male,Units,%,Reported,Free,End of fieldwork,Under 5 years old
Afghanistan,AF,AFG,4,Malaria diagnostics - percentage of febrile children (under age 5) who had a finger or heel stick for malaria testing,2015,7.9,Total,Units,%,Reported,Free,End of fieldwork,Under 5 years old
Afghanistan,AF,AFG,4,Malaria diagnostics - percentage of febrile children (under age 5) who had a finger or heel stick for malaria testing,2023,11.5,Total,Units,%,Reported,Free,End of fieldwork,Under 5 years old
Angola,AO,AGO,24,Malaria diagnostics - percentage of febrile children (under age 5) who had a finger or heel stick for malaria testing,2011,27,Female,Units,%,Reported,Free,End of fieldwork,Under 5 years old
Angola,AO,AGO,24,Malaria diagnostics - percentage of febrile children (under age 5) who had a finger or heel stick for malaria testing,2016,33,Female,Units,%,Reported,Free,End of fieldwork,Under 5 years old
Angola,AO,AGO,24,Malaria diagnostics - percentage of febrile children (under age 5) who had a finger or heel stick for malaria testing,2011,24.8,Male,Units,%,Reported,Free,End of fieldwork,Under 5 years old
Angola,AO,AGO,24,Malaria diagnostics - percentage of febrile children (under age 5) who had a finger or heel stick for malaria testing,2016,35.5,Male,Units,%,Reported,Free,End of fieldwork,Under 5 years old
Angola,AO,AGO,24,Malaria diagnostics - percentage of febrile children (under age 5) who had a finger or heel stick for malaria testing,2011,26,Total,Units,%,Reported,Free,End of fieldwork,Under 5 years old
Angola,AO,AGO,24,Malaria diagnostics - percentage of febrile children (under age 5) who had a finger or heel stick for malaria testing,2016,34.3,Total,Units,%,Reported,Free,End of fieldwork,Under 5 years old
Benin,BJ,BEN,204,Malaria diagnostics - percentage of febrile children (under age 5) who had a finger or heel stick for malaria testing,2012,17.4,Female,Units,%,Reported,Free,End of fieldwork,Under 5 years old
Benin,BJ,BEN,204,Malaria diagnostics - percentage of febrile children (under age 5) who had a finger or heel stick for malaria testing,2014,18.3,Female,Units,%,Reported,Free,End of fieldwork,Under 5 years old
Benin,BJ,BEN,204,Malaria diagnostics - percentage of febrile children (under age 5) who had a finger or heel stick for malaria testing,2018,18.2,Female,Units,%,Reported,Free,End of fieldwork,Under 5 years old
Benin,BJ,BEN,204,Malaria diagnostics - percentage of febrile children (under age 5) who had a finger or heel stick for malaria testing,2022,18.9,Female,Units,%,Reported,Free,End of fieldwork,Under 5 years old
Benin,BJ,BEN,204,Malaria diagnostics - percentage of febrile children (under age 5) who had a finger or heel stick for malaria testing,2012,17.2,Male,Units,%,Reported,Free,End of fieldwork,Under 5 years old
Benin,BJ,BEN,204,Malaria diagnostics - percentage of febrile children (under age 5) who had a finger or heel stick for malaria testing,2014,20,Male,Units,%,Reported,Free,End of fieldwork,Under 5 years old
Benin,BJ,BEN,204,Malaria diagnostics - percentage of febrile children (under age 5) who had a finger or heel stick for malaria testing,2018,17.3,Male,Units,%,Reported,Free,End of fieldwork,Under 5 years old
Benin,BJ,BEN,204,Malaria diagnostics - percentage of febrile children (under age 5) who had a finger or heel stick for malaria testing,2022,18.4,Male,Units,%,Reported,Free,End of fieldwork,Under 5 years old
Benin,BJ,BEN,204,Malaria diagnostics - percentage of febrile children (under age 5) who had a finger or heel stick for malaria testing,2009,3.5,Total,Units,%,Reported,Free,End of fieldwork,Under 5 years old
Benin,BJ,BEN,204,Malaria diagnostics - percentage of febrile children (under age 5) who had a finger or heel stick for malaria testing,2012,17.3,Total,Units,%,Reported,Free,End of fieldwork,Under 5 years old
Benin,BJ,BEN,204,Malaria diagnostics - percentage of febrile children (under age 5) who had a finger or heel stick for malaria testing,2014,19.1,Total,Units,%,Reported,Free,End of fieldwork,Under 5 years old
Benin,BJ,BEN,204,Malaria diagnostics - percentage of febrile children (under age 5) who had a finger or heel stick for malaria testing,2018,17.7,Total,Units,%,Reported,Free,End of fieldwork,Under 5 years old
Benin,BJ,BEN,204,Malaria diagnostics - percentage of febrile children (under age 5) who had a finger or heel stick for malaria testing,2022,18.6,Total,Units,%,Reported,Free,End of fieldwork,Under 5 years old
Burkina Faso,BF,BFA,854,Malaria diagnostics - percentage of febrile children (under age 5) who had a finger or heel stick for malaria testing,2010,5.3,Female,Units,%,Reported,Free,End of fieldwork,Under 5 years old
Burkina Faso,BF,BFA,854,Malaria diagnostics - percentage of febrile children (under age 5) who had a finger or heel stick for malaria testing,2014,30.7,Female,Units,%,Reported,Free,End of fieldwork,Under 5 years old
Burkina Faso,BF,BFA,854,Malaria diagnostics - percentage of febrile children (under age 5) who had a finger or heel stick for malaria testing,2018,50.7,Female,Units,%,Reported,Free,End of fieldwork,Under 5 years old
Burkina Faso,BF,BFA,854,Malaria diagnostics - percentage of febrile children (under age 5) who had a finger or heel stick for malaria testing,2010,5.3,Male,Units,%,Reported,Free,End of fieldwork,Under 5 years old
Burkina Faso,BF,BFA,854,Malaria diagnostics - percentage of febrile children (under age 5) who had a finger or heel stick for malaria testing,2014,29.9,Male,Units,%,Reported,Free,End of fieldwork,Under 5 years old
Burkina Faso,BF,BFA,854,Malaria diagnostics - percentage of febrile children (under age 5) who had a finger or heel stick for malaria testing,2018,46.9,Male,Units,%,Reported,Free,End of fieldwork,Under 5 years old
Burkina Faso,BF,BFA,854,Malaria diagnostics - percentage of febrile children (under age 5) who had a finger or heel stick for malaria testing,2010,5.3,Total,Units,%,Reported,Free,End of fieldwork,Under 5 years old
Burkina Faso,BF,BFA,854,Malaria diagnostics - percentage of febrile children (under age 5) who had a finger or heel stick for malaria testing,2014,30.3,Total,Units,%,Reported,Free,End of fieldwork,Under 5 years old
Burkina Faso,BF,BFA,854,Malaria diagnostics - percentage of febrile children (under age 5) who had a finger or heel stick for malaria testing,2018,48.8,Total,Units,%,Reported,Free,End of fieldwork,Under 5 years old
Burkina Faso,BF,BFA,854,Malaria diagnostics - percentage of febrile children (under age 5) who had a finger or heel stick for malaria testing,2021,65,Total,Units,%,Reported,Free,End of fieldwork,Under 5 years old
Burundi,BI,BDI,108,Malaria diagnostics - percentage of febrile children (under age 5) who had a finger or heel stick for malaria testing,2010,27.6,Female,Units,%,Reported,Free,End of fieldwork,Under 5 years old
Burundi,BI,BDI,108,Malaria diagnostics - percentage of febrile children (under age 5) who had a finger or heel stick for malaria testing,2012,27.5,Female,Units,%,Reported,Free,End of fieldwork,Under 5 years old
Burundi,BI,BDI,108,Malaria diagnostics - percentage of febrile children (under age 5) who had a finger or heel stick for malaria testing,2010,26.5,Male,Units,%,Reported,Free,End of fieldwork,Under 5 years old
Burundi,BI,BDI,108,Malaria diagnostics - percentage of febrile children (under age 5) who had a finger or heel stick for malaria testing,2012,29.2,Male,Units,%,Reported,Free,End of fieldwork,Under 5 years old
Burundi,BI,BDI,108,Malaria diagnostics - percentage of febrile children (under age 5) who had a finger or heel stick for malaria testing,2010,27,Total,Units,%,Reported,Free,End of fieldwork,Under 5 years old
Burundi,BI,BDI,108,Malaria diagnostics - percentage of febrile children (under age 5) who had a finger or heel stick for malaria testing,2012,28.3,Total,Units,%,Reported,Free,End of fieldwork,Under 5 years old
Burundi,BI,BDI,108,Malaria diagnostics - percentage of febrile children (under age 5) who had a finger or heel stick for malaria testing,2017,66.4,Total,Units,%,Reported,Free,End of fieldwork,Under 5 years old
Cameroon,CM,CMR,120,Malaria diagnostics - percentage of febrile children (under age 5) who had a finger or heel stick for malaria testing,2022,29.3,Female,Units,%,Reported,Free,End of fieldwork,Under 5 years old
Cameroon,CM,CMR,120,Malaria diagnostics - percentage of febrile children (under age 5) who had a finger or heel stick for malaria testing,2022,24,Male,Units,%,Reported,Free,End of fieldwork,Under 5 years old
Cameroon,CM,CMR,120,Malaria diagnostics - percentage of febrile children (under age 5) who had a finger or heel stick for malaria testing,2014,15.9,Total,Units,%,Reported,Free,End of fieldwork,Under 5 years old
Cameroon,CM,CMR,120,Malaria diagnostics - percentage of febrile children (under age 5) who had a finger or heel stick for malaria testing,2018,21.4,Total,Units,%,Reported,Free,End of fieldwork,Under 5 years old
Cameroon,CM,CMR,120,Malaria diagnostics - percentage of febrile children (under age 5) who had a finger or heel stick for malaria testing,2022,26.5,Total,Units,%,Reported,Free,End of fieldwork,Under 5 years old
Central African Republic,CF,CAF,140,Malaria diagnostics - percentage of febrile children (under age 5) who had a finger or heel stick for malaria testing,2010,15.7,Female,Units,%,Reported,Free,End of fieldwork,Under 5 years old
Central African Republic,CF,CAF,140,Malaria diagnostics - percentage of febrile children (under age 5) who had a finger or heel stick for malaria testing,2019,26.1,Female,Units,%,Reported,Free,End of fieldwork,Under 5 years old
Central African Republic,CF,CAF,140,Malaria diagnostics - percentage of febrile children (under age 5) who had a finger or heel stick for malaria testing,2010,17.8,Male,Units,%,Reported,Free,End of fieldwork,Under 5 years old
Central African Republic,CF,CAF,140,Malaria diagnostics - percentage of febrile children (under age 5) who had a finger or heel stick for malaria testing,2019,27.4,Male,Units,%,Reported,Free,End of fieldwork,Under 5 years old
Central African Republic,CF,CAF,140,Malaria diagnostics - percentage of febrile children (under age 5) who had a finger or heel stick for malaria testing,2010,16.8,Total,Units,%,Reported,Free,End of fieldwork,Under 5 years old
Central African Republic,CF,CAF,140,Malaria diagnostics - percentage of febrile children (under age 5) who had a finger or heel stick for malaria testing,2019,26.8,Total,Units,%,Reported,Free,End of fieldwork,Under 5 years old
Chad,TD,TCD,148,Malaria diagnostics - percentage of febrile children (under age 5) who had a finger or heel stick for malaria testing,2010,8.9,Female,Units,%,Reported,Free,End of fieldwork,Under 5 years old
Chad,TD,TCD,148,Malaria diagnostics - percentage of febrile children (under age 5) who had a finger or heel stick for malaria testing,2015,12.4,Female,Units,%,Reported,Free,End of fieldwork,Under 5 years old
Chad,TD,TCD,148,Malaria diagnostics - percentage of febrile children (under age 5) who had a finger or heel stick for malaria testing,2019,16.4,Female,Units,%,Reported,Free,End of fieldwork,Under 5 years old
Chad,TD,TCD,148,Malaria diagnostics - percentage of febrile children (under age 5) who had a finger or heel stick for malaria testing,2010,9.1,Male,Units,%,Reported,Free,End of fieldwork,Under 5 years old
Chad,TD,TCD,148,Malaria diagnostics - percentage of febrile children (under age 5) who had a finger or heel stick for malaria testing,2015,13.4,Male,Units,%,Reported,Free,End of fieldwork,Under 5 years old
Chad,TD,TCD,148,Malaria diagnostics - percentage of febrile children (under age 5) who had a finger or heel stick for malaria testing,2019,18.7,Male,Units,%,Reported,Free,End of fieldwork,Under 5 years old
Chad,TD,TCD,148,Malaria diagnostics - percentage of febrile children (under age 5) who had a finger or heel stick for malaria testing,2010,9,Total,Units,%,Reported,Free,End of fieldwork,Under 5 years old
Chad,TD,TCD,148,Malaria diagnostics - percentage of febrile children (under age 5) who had a finger or heel stick for malaria testing,2015,12.9,Total,Units,%,Reported,Free,End of fieldwork,Under 5 years old
Chad,TD,TCD,148,Malaria diagnostics - percentage of febrile children (under age 5) who had a finger or heel stick for malaria testing,2019,17.6,Total,Units,%,Reported,Free,End of fieldwork,Under 5 years old
Comoros,KM,COM,174,Malaria diagnostics - percentage of febrile children (under age 5) who had a finger or heel stick for malaria testing,2012,32.6,Female,Units,%,Reported,Free,End of fieldwork,Under 5 years old
Comoros,KM,COM,174,Malaria diagnostics - percentage of febrile children (under age 5) who had a finger or heel stick for malaria testing,2012,23.6,Male,Units,%,Reported,Free,End of fieldwork,Under 5 years old
Comoros,KM,COM,174,Malaria diagnostics - percentage of febrile children (under age 5) who had a finger or heel stick for malaria testing,2012,28,Total,Units,%,Reported,Free,End of fieldwork,Under 5 years old
Congo,CG,COG,178,Malaria diagnostics - percentage of febrile children (under age 5) who had a finger or heel stick for malaria testing,2012,28.3,Female,Units,%,Reported,Free,End of fieldwork,Under 5 years old
Congo,CG,COG,178,Malaria diagnostics - percentage of febrile children (under age 5) who had a finger or heel stick for malaria testing,2015,30.7,Female,Units,%,Reported,Free,End of fieldwork,Under 5 years old
Congo,CG,COG,178,Malaria diagnostics - percentage of febrile children (under age 5) who had a finger or heel stick for malaria testing,2012,29.3,Male,Units,%,Reported,Free,End of fieldwork,Under 5 years old
Congo,CG,COG,178,Malaria diagnostics - percentage of febrile children (under age 5) who had a finger or heel stick for malaria testing,2015,29.7,Male,Units,%,Reported,Free,End of fieldwork,Under 5 years old
Congo,CG,COG,178,Malaria diagnostics - percentage of febrile children (under age 5) who had a finger or heel stick for malaria testing,2012,28.8,Total,Units,%,Reported,Free,End of fieldwork,Under 5 years old
Congo,CG,COG,178,Malaria diagnostics - percentage of febrile children (under age 5) who had a finger or heel stick for malaria testing,2015,29.7,Total,Units,%,Reported,Free,End of fieldwork,Under 5 years old
Ivory Coast,CI,CIV,384,Malaria diagnostics - percentage of febrile children (under age 5) who had a finger or heel stick for malaria testing,2012,8.8,Female,Units,%,Reported,Free,End of fieldwork,Under 5 years old
Ivory Coast,CI,CIV,384,Malaria diagnostics - percentage of febrile children (under age 5) who had a finger or heel stick for malaria testing,2016,26.9,Female,Units,%,Reported,Free,End of fieldwork,Under 5 years old
Ivory Coast,CI,CIV,384,Malaria diagnostics - percentage of febrile children (under age 5) who had a finger or heel stick for malaria testing,2012,13.4,Male,Units,%,Reported,Free,End of fieldwork,Under 5 years old
Ivory Coast,CI,CIV,384,Malaria diagnostics - percentage of febrile children (under age 5) who had a finger or heel stick for malaria testing,2016,25.7,Male,Units,%,Reported,Free,End of fieldwork,Under 5 years old
Ivory Coast,CI,CIV,384,Malaria diagnostics - percentage of febrile children (under age 5) who had a finger or heel stick for malaria testing,2012,11,Total,Units,%,Reported,Free,End of fieldwork,Under 5 years old
Ivory Coast,CI,CIV,384,Malaria diagnostics - percentage of febrile children (under age 5) who had a finger or heel stick for malaria testing,2016,26.3,Total,Units,%,Reported,Free,End of fieldwork,Under 5 years old
Ivory Coast,CI,CIV,384,Malaria diagnostics - percentage of febrile children (under age 5) who had a finger or heel stick for malaria testing,2021,38.4,Total,Units,%,Reported,Free,End of fieldwork,Under 5 years old
"Congo, the Democratic Republic of the",CD,COD,180,Malaria diagnostics - percentage of febrile children (under age 5) who had a finger or heel stick for malaria testing,2010,17.8,Female,Units,%,Reported,Free,End of fieldwork,Under 5 years old
"Congo, the Democratic Republic of the",CD,COD,180,Malaria diagnostics - percentage of febrile children (under age 5) who had a finger or heel stick for malaria testing,2014,18.2,Female,Units,%,Reported,Free,End of fieldwork,Under 5 years old
"Congo, the Democratic Republic of the",CD,COD,180,Malaria diagnostics - percentage of febrile children (under age 5) who had a finger or heel stick for malaria testing,2018,22.1,Female,Units,%,Reported,Free,End of fieldwork,Under 5 years old
"Congo, the Democratic Republic of the",CD,COD,180,Malaria diagnostics - percentage of febrile children (under age 5) who had a finger or heel stick for malaria testing,2010,16.5,Male,Units,%,Reported,Free,End of fieldwork,Under 5 years old
"Congo, the Democratic Republic of the",CD,COD,180,Malaria diagnostics - percentage of febrile children (under age 5) who had a finger or heel stick for malaria testing,2014,19,Male,Units,%,Reported,Free,End of fieldwork,Under 5 years old
"Congo, the Democratic Republic of the",CD,COD,180,Malaria diagnostics - percentage of febrile children (under age 5) who had a finger or heel stick for malaria testing,2018,22.4,Male,Units,%,Reported,Free,End of fieldwork,Under 5 years old
"Congo, the Democratic Republic of the",CD,COD,180,Malaria diagnostics - percentage of febrile children (under age 5) who had a finger or heel stick for malaria testing,2010,17.2,Total,Units,%,Reported,Free,End of fieldwork,Under 5 years old
"Congo, the Democratic Republic of the",CD,COD,180,Malaria diagnostics - percentage of febrile children (under age 5) who had a finger or heel stick for malaria testing,2014,18.6,Total,Units,%,Reported,Free,End of fieldwork,Under 5 years old
"Congo, the Democratic Republic of the",CD,COD,180,Malaria diagnostics - percentage of febrile children (under age 5) who had a finger or heel stick for malaria testing,2018,22.3,Total,Units,%,Reported,Free,End of fieldwork,Under 5 years old
Equatorial Guinea,GQ,GNQ,226,Malaria diagnostics - percentage of febrile children (under age 5) who had a finger or heel stick for malaria testing,2011,43.5,Female,Units,%,Reported,Free,End of fieldwork,Under 5 years old
Equatorial Guinea,GQ,GNQ,226,Malaria diagnostics - percentage of febrile children (under age 5) who had a finger or heel stick for malaria testing,2011,48.3,Male,Units,%,Reported,Free,End of fieldwork,Under 5 years old
Equatorial Guinea,GQ,GNQ,226,Malaria diagnostics - percentage of febrile children (under age 5) who had a finger or heel stick for malaria testing,2011,45.9,Total,Units,%,Reported,Free,End of fieldwork,Under 5 years old
Swaziland,SZ,SWZ,748,Malaria diagnostics - percentage of febrile children (under age 5) who had a finger or heel stick for malaria testing,2010,10.3,Female,Units,%,Reported,Free,End of fieldwork,Under 5 years old
Swaziland,SZ,SWZ,748,Malaria diagnostics - percentage of febrile children (under age 5) who had a finger or heel stick for malaria testing,2021,12.6,Female,Units,%,Reported,Free,End of fieldwork,Under 5 years old
Swaziland,SZ,SWZ,748,Malaria diagnostics - percentage of febrile children (under age 5) who had a finger or heel stick for malaria testing,2022,12.6,Female,Units,%,Reported,Free,End of fieldwork,Under 5 years old
Swaziland,SZ,SWZ,748,Malaria diagnostics - percentage of febrile children (under age 5) who had a finger or heel stick for malaria testing,2010,16.7,Male,Units,%,Reported,Free,End of fieldwork,Under 5 years old
Swaziland,SZ,SWZ,748,Malaria diagnostics - percentage of febrile children (under age 5) who had a finger or heel stick for malaria testing,2021,13.4,Male,Units,%,Reported,Free,End of fieldwork,Under 5 years old
Swaziland,SZ,SWZ,748,Malaria diagnostics - percentage of febrile children (under age 5) who had a finger or heel stick for malaria testing,2022,13.4,Male,Units,%,Reported,Free,End of fieldwork,Under 5 years old
Swaziland,SZ,SWZ,748,Malaria diagnostics - percentage of febrile children (under age 5) who had a finger or heel stick for malaria testing,2010,13.6,Total,Units,%,Reported,Free,End of fieldwork,Under 5 years old
Swaziland,SZ,SWZ,748,Malaria diagnostics - percentage of febrile children (under age 5) who had a finger or heel stick for malaria testing,2021,13,Total,Units,%,Reported,Free,End of fieldwork,Under 5 years old
Swaziland,SZ,SWZ,748,Malaria diagnostics - percentage of febrile children (under age 5) who had a finger or heel stick for malaria testing,2022,13,Total,Units,%,Reported,Free,End of fieldwork,Under 5 years old
Ethiopia,ET,ETH,231,Malaria diagnostics - percentage of febrile children (under age 5) who had a finger or heel stick for malaria testing,2011,15.5,Female,Units,%,Reported,Free,End of fieldwork,Under 5 years old
Ethiopia,ET,ETH,231,Malaria diagnostics - percentage of febrile children (under age 5) who had a finger or heel stick for malaria testing,2015,16.5,Female,Units,%,Reported,Free,End of fieldwork,Under 5 years old
Ethiopia,ET,ETH,231,Malaria diagnostics - percentage of febrile children (under age 5) who had a finger or heel stick for malaria testing,2011,17.3,Male,Units,%,Reported,Free,End of fieldwork,Under 5 years old
Ethiopia,ET,ETH,231,Malaria diagnostics - percentage of febrile children (under age 5) who had a finger or heel stick for malaria testing,2015,17,Male,Units,%,Reported,Free,End of fieldwork,Under 5 years old
Ethiopia,ET,ETH,231,Malaria diagnostics - percentage of febrile children (under age 5) who had a finger or heel stick for malaria testing,2011,19.8,Total,Units,%,Reported,Free,End of fieldwork,Under 5 years old
Ethiopia,ET,ETH,231,Malaria diagnostics - percentage of febrile children (under age 5) who had a finger or heel stick for malaria testing,2015,16.7,Total,Units,%,Reported,Free,End of fieldwork,Under 5 years old
Gabon,GA,GAB,266,Malaria diagnostics - percentage of febrile children (under age 5) who had a finger or heel stick for malaria testing,2021,14.2,Female,Units,%,Reported,Free,End of fieldwork,Under 5 years old
Gabon,GA,GAB,266,Malaria diagnostics - percentage of febrile children (under age 5) who had a finger or heel stick for malaria testing,2021,13.8,Male,Units,%,Reported,Free,End of fieldwork,Under 5 years old
Gabon,GA,GAB,266,Malaria diagnostics - percentage of febrile children (under age 5) who had a finger or heel stick for malaria testing,2021,14,Total,Units,%,Reported,Free,End of fieldwork,Under 5 years old
Gambia,GM,GMB,270,Malaria diagnostics - percentage of febrile children (under age 5) who had a finger or heel stick for malaria testing,2010,18.8,Female,Units,%,Reported,Free,End of fieldwork,Under 5 years old
Gambia,GM,GMB,270,Malaria diagnostics - percentage of febrile children (under age 5) who had a finger or heel stick for malaria testing,2013,37,Female,Units,%,Reported,Free,End of fieldwork,Under 5 years old
Gambia,GM,GMB,270,Malaria diagnostics - percentage of febrile children (under age 5) who had a finger or heel stick for malaria testing,2018,26.1,Female,Units,%,Reported,Free,End of fieldwork,Under 5 years old
Gambia,GM,GMB,270,Malaria diagnostics - percentage of febrile children (under age 5) who had a finger or heel stick for malaria testing,2020,28.2,Female,Units,%,Reported,Free,End of fieldwork,Under 5 years old
Gambia,GM,GMB,270,Malaria diagnostics - percentage of febrile children (under age 5) who had a finger or heel stick for malaria testing,2010,17.9,Male,Units,%,Reported,Free,End of fieldwork,Under 5 years old
Gambia,GM,GMB,270,Malaria diagnostics - percentage of febrile children (under age 5) who had a finger or heel stick for malaria testing,2013,35.9,Male,Units,%,Reported,Free,End of fieldwork,Under 5 years old
Gambia,GM,GMB,270,Malaria diagnostics - percentage of febrile children (under age 5) who had a finger or heel stick for malaria testing,2018,28.1,Male,Units,%,Reported,Free,End of fieldwork,Under 5 years old
Gambia,GM,GMB,270,Malaria diagnostics - percentage of febrile children (under age 5) who had a finger or heel stick for malaria testing,2020,26.6,Male,Units,%,Reported,Free,End of fieldwork,Under 5 years old
Gambia,GM,GMB,270,Malaria diagnostics - percentage of febrile children (under age 5) who had a finger or heel stick for malaria testing,2010,18.3,Total,Units,%,Reported,Free,End of fieldwork,Under 5 years old
Gambia,GM,GMB,270,Malaria diagnostics - percentage of febrile children (under age 5) who had a finger or heel stick for malaria testing,2013,36.4,Total,Units,%,Reported,Free,End of fieldwork,Under 5 years old
Gambia,GM,GMB,270,Malaria diagnostics - percentage of febrile children (under age 5) who had a finger or heel stick for malaria testing,2018,27.1,Total,Units,%,Reported,Free,End of fieldwork,Under 5 years old
Gambia,GM,GMB,270,Malaria diagnostics - percentage of febrile children (under age 5) who had a finger or heel stick for malaria testing,2020,27.3,Total,Units,%,Reported,Free,End of fieldwork,Under 5 years old
Ghana,GH,GHA,288,Malaria diagnostics - percentage of febrile children (under age 5) who had a finger or heel stick for malaria testing,2011,15.4,Female,Units,%,Reported,Free,End of fieldwork,Under 5 years old
Ghana,GH,GHA,288,Malaria diagnostics - percentage of febrile children (under age 5) who had a finger or heel stick for malaria testing,2014,36.4,Female,Units,%,Reported,Free,End of fieldwork,Under 5 years old
Ghana,GH,GHA,288,Malaria diagnostics - percentage of febrile children (under age 5) who had a finger or heel stick for malaria testing,2018,32.3,Female,Units,%,Reported,Free,End of fieldwork,Under 5 years old
Ghana,GH,GHA,288,Malaria diagnostics - percentage of febrile children (under age 5) who had a finger or heel stick for malaria testing,2019,34.2,Female,Units,%,Reported,Free,End of fieldwork,Under 5 years old
Ghana,GH,GHA,288,Malaria diagnostics - percentage of febrile children (under age 5) who had a finger or heel stick for malaria testing,2022,38.8,Female,Units,%,Reported,Free,End of fieldwork,Under 5 years old
Ghana,GH,GHA,288,Malaria diagnostics - percentage of febrile children (under age 5) who had a finger or heel stick for malaria testing,2011,16.3,Male,Units,%,Reported,Free,End of fieldwork,Under 5 years old
Ghana,GH,GHA,288,Malaria diagnostics - percentage of febrile children (under age 5) who had a finger or heel stick for malaria testing,2014,32.6,Male,Units,%,Reported,Free,End of fieldwork,Under 5 years old
Ghana,GH,GHA,288,Malaria diagnostics - percentage of febrile children (under age 5) who had a finger or heel stick for malaria testing,2018,32.1,Male,Units,%,Reported,Free,End of fieldwork,Under 5 years old
Ghana,GH,GHA,288,Malaria diagnostics - percentage of febrile children (under age 5) who had a finger or heel stick for malaria testing,2019,34.1,Male,Units,%,Reported,Free,End of fieldwork,Under 5 years old
Ghana,GH,GHA,288,Malaria diagnostics - percentage of febrile children (under age 5) who had a finger or heel stick for malaria testing,2022,41.2,Male,Units,%,Reported,Free,End of fieldwork,Under 5 years old
Ghana,GH,GHA,288,Malaria diagnostics - percentage of febrile children (under age 5) who had a finger or heel stick for malaria testing,2011,15.9,Total,Units,%,Reported,Free,End of fieldwork,Under 5 years old
Ghana,GH,GHA,288,Malaria diagnostics - percentage of febrile children (under age 5) who had a finger or heel stick for malaria testing,2014,34.3,Total,Units,%,Reported,Free,End of fieldwork,Under 5 years old
Ghana,GH,GHA,288,Malaria diagnostics - percentage of febrile children (under age 5) who had a finger or heel stick for malaria testing,2016,30.3,Total,Units,%,Reported,Free,End of fieldwork,Under 5 years old
Ghana,GH,GHA,288,Malaria diagnostics - percentage of febrile children (under age 5) who had a finger or heel stick for malaria testing,2018,32.2,Total,Units,%,Reported,Free,End of fieldwork,Under 5 years old
Ghana,GH,GHA,288,Malaria diagnostics - percentage of febrile children (under age 5) who had a finger or heel stick for malaria testing,2019,34.1,Total,Units,%,Reported,Free,End of fieldwork,Under 5 years old
Ghana,GH,GHA,288,Malaria diagnostics - percentage of febrile children (under age 5) who had a finger or heel stick for malaria testing,2022,40,Total,Units,%,Reported,Free,End of fieldwork,Under 5 years old
Guinea,GN,GIN,324,Malaria diagnostics - percentage of febrile children (under age 5) who had a finger or heel stick for malaria testing,2012,7.3,Female,Units,%,Reported,Free,End of fieldwork,Under 5 years old
Guinea,GN,GIN,324,Malaria diagnostics - percentage of febrile children (under age 5) who had a finger or heel stick for malaria testing,2016,17.2,Female,Units,%,Reported,Free,End of fieldwork,Under 5 years old
Guinea,GN,GIN,324,Malaria diagnostics - percentage of febrile children (under age 5) who had a finger or heel stick for malaria testing,2021,28.9,Female,Units,%,Reported,Free,End of fieldwork,Under 5 years old
Guinea,GN,GIN,324,Malaria diagnostics - percentage of febrile children (under age 5) who had a finger or heel stick for malaria testing,2012,9.6,Male,Units,%,Reported,Free,End of fieldwork,Under 5 years old
Guinea,GN,GIN,324,Malaria diagnostics - percentage of febrile children (under age 5) who had a finger or heel stick for malaria testing,2016,16.9,Male,Units,%,Reported,Free,End of fieldwork,Under 5 years old
Guinea,GN,GIN,324,Malaria diagnostics - percentage of febrile children (under age 5) who had a finger or heel stick for malaria testing,2021,27.2,Male,Units,%,Reported,Free,End of fieldwork,Under 5 years old
Guinea,GN,GIN,324,Malaria diagnostics - percentage of febrile children (under age 5) who had a finger or heel stick for malaria testing,2012,8.5,Total,Units,%,Reported,Free,End of fieldwork,Under 5 years old
Guinea,GN,GIN,324,Malaria diagnostics - percentage of febrile children (under age 5) who had a finger or heel stick for malaria testing,2016,17,Total,Units,%,Reported,Free,End of fieldwork,Under 5 years old
Guinea,GN,GIN,324,Malaria diagnostics - percentage of febrile children (under age 5) who had a finger or heel stick for malaria testing,2018,20.5,Total,Units,%,Reported,Free,End of fieldwork,Under 5 years old
Guinea,GN,GIN,324,Malaria diagnostics - percentage of febrile children (under age 5) who had a finger or heel stick for malaria testing,2021,28,Total,Units,%,Reported,Free,End of fieldwork,Under 5 years old
Guinea-Bissau,GW,GNB,624,Malaria diagnostics - percentage of febrile children (under age 5) who had a finger or heel stick for malaria testing,2010,7.3,Female,Units,%,Reported,Free,End of fieldwork,Under 5 years old
Guinea-Bissau,GW,GNB,624,Malaria diagnostics - percentage of febrile children (under age 5) who had a finger or heel stick for malaria testing,2014,21.2,Female,Units,%,Reported,Free,End of fieldwork,Under 5 years old
Guinea-Bissau,GW,GNB,624,Malaria diagnostics - percentage of febrile children (under age 5) who had a finger or heel stick for malaria testing,2019,36,Female,Units,%,Reported,Free,End of fieldwork,Under 5 years old
Guinea-Bissau,GW,GNB,624,Malaria diagnostics - percentage of febrile children (under age 5) who had a finger or heel stick for malaria testing,2010,7,Male,Units,%,Reported,Free,End of fieldwork,Under 5 years old
Guinea-Bissau,GW,GNB,624,Malaria diagnostics - percentage of febrile children (under age 5) who had a finger or heel stick for malaria testing,2014,25.3,Male,Units,%,Reported,Free,End of fieldwork,Under 5 years old
Guinea-Bissau,GW,GNB,624,Malaria diagnostics - percentage of febrile children (under age 5) who had a finger or heel stick for malaria testing,2019,34,Male,Units,%,Reported,Free,End of fieldwork,Under 5 years old
Guinea-Bissau,GW,GNB,624,Malaria diagnostics - percentage of febrile children (under age 5) who had a finger or heel stick for malaria testing,2010,7.1,Total,Units,%,Reported,Free,End of fieldwork,Under 5 years old
Guinea-Bissau,GW,GNB,624,Malaria diagnostics - percentage of febrile children (under age 5) who had a finger or heel stick for malaria testing,2014,23.3,Total,Units,%,Reported,Free,End of fieldwork,Under 5 years old
Guinea-Bissau,GW,GNB,624,Malaria diagnostics - percentage of febrile children (under age 5) who had a finger or heel stick for malaria testing,2019,34.9,Total,Units,%,Reported,Free,End of fieldwork,Under 5 years old
Guyana,GY,GUY,328,Malaria diagnostics - percentage of febrile children (under age 5) who had a finger or heel stick for malaria testing,2014,12.9,Female,Units,%,Reported,Free,End of fieldwork,Under 5 years old
Guyana,GY,GUY,328,Malaria diagnostics - percentage of febrile children (under age 5) who had a finger or heel stick for malaria testing,2014,11.3,Male,Units,%,Reported,Free,End of fieldwork,Under 5 years old
Guyana,GY,GUY,328,Malaria diagnostics - percentage of febrile children (under age 5) who had a finger or heel stick for malaria testing,2014,12,Total,Units,%,Reported,Free,End of fieldwork,Under 5 years old
Haiti,HT,HTI,332,Malaria diagnostics - percentage of febrile children (under age 5) who had a finger or heel stick for malaria testing,2012,13.6,Female,Units,%,Reported,Free,End of fieldwork,Under 5 years old
Haiti,HT,HTI,332,Malaria diagnostics - percentage of febrile children (under age 5) who had a finger or heel stick for malaria testing,2017,14.5,Female,Units,%,Reported,Free,End of fieldwork,Under 5 years old
Haiti,HT,HTI,332,Malaria diagnostics - percentage of febrile children (under age 5) who had a finger or heel stick for malaria testing,2012,10.7,Male,Units,%,Reported,Free,End of fieldwork,Under 5 years old
Haiti,HT,HTI,332,Malaria diagnostics - percentage of febrile children (under age 5) who had a finger or heel stick for malaria testing,2017,17.1,Male,Units,%,Reported,Free,End of fieldwork,Under 5 years old
Haiti,HT,HTI,332,Malaria diagnostics - percentage of febrile children (under age 5) who had a finger or heel stick for malaria testing,2012,12.2,Total,Units,%,Reported,Free,End of fieldwork,Under 5 years old
Haiti,HT,HTI,332,Malaria diagnostics - percentage of febrile children (under age 5) who had a finger or heel stick for malaria testing,2017,15.8,Total,Units,%,Reported,Free,End of fieldwork,Under 5 years old
Honduras,HN,HND,340,Malaria diagnostics - percentage of febrile children (under age 5) who had a finger or heel stick for malaria testing,2019,8.9,Female,Units,%,Reported,Free,End of fieldwork,Under 5 years old
Honduras,HN,HND,340,Malaria diagnostics - percentage of febrile children (under age 5) who had a finger or heel stick for malaria testing,2019,6.8,Male,Units,%,Reported,Free,End of fieldwork,Under 5 years old
Honduras,HN,HND,340,Malaria diagnostics - percentage of febrile children (under age 5) who had a finger or heel stick for malaria testing,2019,7.8,Total,Units,%,Reported,Free,End of fieldwork,Under 5 years old
India,IN,IND,356,Malaria diagnostics - percentage of febrile children (under age 5) who had a finger or heel stick for malaria testing,2014,15.3,Female,Units,%,Reported,Free,End of fieldwork,Under 5 years old
India,IN,IND,356,Malaria diagnostics - percentage of febrile children (under age 5) who had a finger or heel stick for malaria testing,2016,10.8,Female,Units,%,Reported,Free,End of fieldwork,Under 5 years old
India,IN,IND,356,Malaria diagnostics - percentage of febrile children (under age 5) who had a finger or heel stick for malaria testing,2021,13.2,Female,Units,%,Reported,Free,End of fieldwork,Under 5 years old
India,IN,IND,356,Malaria diagnostics - percentage of febrile children (under age 5) who had a finger or heel stick for malaria testing,2014,15.3,Male,Units,%,Reported,Free,End of fieldwork,Under 5 years old
India,IN,IND,356,Malaria diagnostics - percentage of febrile children (under age 5) who had a finger or heel stick for malaria testing,2016,10.8,Male,Units,%,Reported,Free,End of fieldwork,Under 5 years old
India,IN,IND,356,Malaria diagnostics - percentage of febrile children (under age 5) who had a finger or heel stick for malaria testing,2021,13.9,Male,Units,%,Reported,Free,End of fieldwork,Under 5 years old
India,IN,IND,356,Malaria diagnostics - percentage of febrile children (under age 5) who had a finger or heel stick for malaria testing,2014,15.3,Total,Units,%,Reported,Free,End of fieldwork,Under 5 years old
India,IN,IND,356,Malaria diagnostics - percentage of febrile children (under age 5) who had a finger or heel stick for malaria testing,2016,10.8,Total,Units,%,Reported,Free,End of fieldwork,Under 5 years old
India,IN,IND,356,Malaria diagnostics - percentage of febrile children (under age 5) who had a finger or heel stick for malaria testing,2021,13.6,Total,Units,%,Reported,Free,End of fieldwork,Under 5 years old
Kenya,KE,KEN,404,Malaria diagnostics - percentage of febrile children (under age 5) who had a finger or heel stick for malaria testing,2010,12.1,Female,Units,%,Reported,Free,End of fieldwork,Under 5 years old
Kenya,KE,KEN,404,Malaria diagnostics - percentage of febrile children (under age 5) who had a finger or heel stick for malaria testing,2014,34.8,Female,Units,%,Reported,Free,End of fieldwork,Under 5 years old
Kenya,KE,KEN,404,Malaria diagnostics - percentage of febrile children (under age 5) who had a finger or heel stick for malaria testing,2015,42,Female,Units,%,Reported,Free,End of fieldwork,Under 5 years old
Kenya,KE,KEN,404,Malaria diagnostics - percentage of febrile children (under age 5) who had a finger or heel stick for malaria testing,2020,32.7,Female,Units,%,Reported,Free,End of fieldwork,Under 5 years old
Kenya,KE,KEN,404,Malaria diagnostics - percentage of febrile children (under age 5) who had a finger or heel stick for malaria testing,2022,32.2,Female,Units,%,Reported,Free,End of fieldwork,Under 5 years old
Kenya,KE,KEN,404,Malaria diagnostics - percentage of febrile children (under age 5) who had a finger or heel stick for malaria testing,2010,11.6,Male,Units,%,Reported,Free,End of fieldwork,Under 5 years old
Kenya,KE,KEN,404,Malaria diagnostics - percentage of febrile children (under age 5) who had a finger or heel stick for malaria testing,2014,35,Male,Units,%,Reported,Free,End of fieldwork,Under 5 years old
Kenya,KE,KEN,404,Malaria diagnostics - percentage of febrile children (under age 5) who had a finger or heel stick for malaria testing,2015,36.7,Male,Units,%,Reported,Free,End of fieldwork,Under 5 years old
Kenya,KE,KEN,404,Malaria diagnostics - percentage of febrile children (under age 5) who had a finger or heel stick for malaria testing,2020,38.5,Male,Units,%,Reported,Free,End of fieldwork,Under 5 years old
Kenya,KE,KEN,404,Malaria diagnostics - percentage of febrile children (under age 5) who had a finger or heel stick for malaria testing,2022,34.6,Male,Units,%,Reported,Free,End of fieldwork,Under 5 years old
Kenya,KE,KEN,404,Malaria diagnostics - percentage of febrile children (under age 5) who had a finger or heel stick for malaria testing,2010,11.8,Total,Units,%,Reported,Free,End of fieldwork,Under 5 years old
Kenya,KE,KEN,404,Malaria diagnostics - percentage of febrile children (under age 5) who had a finger or heel stick for malaria testing,2014,34.9,Total,Units,%,Reported,Free,End of fieldwork,Under 5 years old
Kenya,KE,KEN,404,Malaria diagnostics - percentage of febrile children (under age 5) who had a finger or heel stick for malaria testing,2015,39.2,Total,Units,%,Reported,Free,End of fieldwork,Under 5 years old
Kenya,KE,KEN,404,Malaria diagnostics - percentage of febrile children (under age 5) who had a finger or heel stick for malaria testing,2020,35.5,Total,Units,%,Reported,Free,End of fieldwork,Under 5 years old
Kenya,KE,KEN,404,Malaria diagnostics - percentage of febrile children (under age 5) who had a finger or heel stick for malaria testing,2022,33.4,Total,Units,%,Reported,Free,End of fieldwork,Under 5 years old
Lao People's Democratic Republic,LA,LAO,418,Malaria diagnostics - percentage of febrile children (under age 5) who had a finger or heel stick for malaria testing,2012,9.2,Female,Units,%,Reported,Free,End of fieldwork,Under 5 years old
Lao People's Democratic Republic,LA,LAO,418,Malaria diagnostics - percentage of febrile children (under age 5) who had a finger or heel stick for malaria testing,2017,9,Female,Units,%,Reported,Free,End of fieldwork,Under 5 years old
Lao People's Democratic Republic,LA,LAO,418,Malaria diagnostics - percentage of febrile children (under age 5) who had a finger or heel stick for malaria testing,2012,9,Male,Units,%,Reported,Free,End of fieldwork,Under 5 years old
Lao People's Democratic Republic,LA,LAO,418,Malaria diagnostics - percentage of febrile children (under age 5) who had a finger or heel stick for malaria testing,2017,8,Male,Units,%,Reported,Free,End of fieldwork,Under 5 years old
Lao People's Democratic Republic,LA,LAO,418,Malaria diagnostics - percentage of febrile children (under age 5) who had a finger or heel stick for malaria testing,2012,9.1,Total,Units,%,Reported,Free,End of fieldwork,Under 5 years old
Lao People's Democratic Republic,LA,LAO,418,Malaria diagnostics - percentage of febrile children (under age 5) who had a finger or heel stick for malaria testing,2017,8.5,Total,Units,%,Reported,Free,End of fieldwork,Under 5 years old
Liberia,LR,LBR,430,Malaria diagnostics - percentage of febrile children (under age 5) who had a finger or heel stick for malaria testing,2011,34.9,Female,Units,%,Reported,Free,End of fieldwork,Under 5 years old
Liberia,LR,LBR,430,Malaria diagnostics - percentage of febrile children (under age 5) who had a finger or heel stick for malaria testing,2013,40.8,Female,Units,%,Reported,Free,End of fieldwork,Under 5 years old
Liberia,LR,LBR,430,Malaria diagnostics - percentage of febrile children (under age 5) who had a finger or heel stick for malaria testing,2020,48.1,Female,Units,%,Reported,Free,End of fieldwork,Under 5 years old
Liberia,LR,LBR,430,Malaria diagnostics - percentage of febrile children (under age 5) who had a finger or heel stick for malaria testing,2022,50.9,Female,Units,%,Reported,Free,End of fieldwork,Under 5 years old
Liberia,LR,LBR,430,Malaria diagnostics - percentage of febrile children (under age 5) who had a finger or heel stick for malaria testing,2011,31.8,Male,Units,%,Reported,Free,End of fieldwork,Under 5 years old
Liberia,LR,LBR,430,Malaria diagnostics - percentage of febrile children (under age 5) who had a finger or heel stick for malaria testing,2013,43,Male,Units,%,Reported,Free,End of fieldwork,Under 5 years old
Liberia,LR,LBR,430,Malaria diagnostics - percentage of febrile children (under age 5) who had a finger or heel stick for malaria testing,2020,50,Male,Units,%,Reported,Free,End of fieldwork,Under 5 years old
Liberia,LR,LBR,430,Malaria diagnostics - percentage of febrile children (under age 5) who had a finger or heel stick for malaria testing,2022,39.9,Male,Units,%,Reported,Free,End of fieldwork,Under 5 years old
Liberia,LR,LBR,430,Malaria diagnostics - percentage of febrile children (under age 5) who had a finger or heel stick for malaria testing,2009,23.4,Total,Units,%,Reported,Free,End of fieldwork,Under 5 years old
Liberia,LR,LBR,430,Malaria diagnostics - percentage of febrile children (under age 5) who had a finger or heel stick for malaria testing,2011,33.3,Total,Units,%,Reported,Free,End of fieldwork,Under 5 years old
Liberia,LR,LBR,430,Malaria diagnostics - percentage of febrile children (under age 5) who had a finger or heel stick for malaria testing,2013,41.9,Total,Units,%,Reported,Free,End of fieldwork,Under 5 years old
Liberia,LR,LBR,430,Malaria diagnostics - percentage of febrile children (under age 5) who had a finger or heel stick for malaria testing,2016,49.8,Total,Units,%,Reported,Free,End of fieldwork,Under 5 years old
Liberia,LR,LBR,430,Malaria diagnostics - percentage of febrile children (under age 5) who had a finger or heel stick for malaria testing,2020,49,Total,Units,%,Reported,Free,End of fieldwork,Under 5 years old
Liberia,LR,LBR,430,Malaria diagnostics - percentage of febrile children (under age 5) who had a finger or heel stick for malaria testing,2022,44.8,Total,Units,%,Reported,Free,End of fieldwork,Under 5 years old
Madagascar,MG,MDG,450,Malaria diagnostics - percentage of febrile children (under age 5) who had a finger or heel stick for malaria testing,2013,11.7,Female,Units,%,Reported,Free,End of fieldwork,Under 5 years old
Madagascar,MG,MDG,450,Malaria diagnostics - percentage of febrile children (under age 5) who had a finger or heel stick for malaria testing,2018,12.6,Female,Units,%,Reported,Free,End of fieldwork,Under 5 years old
Madagascar,MG,MDG,450,Malaria diagnostics - percentage of febrile children (under age 5) who had a finger or heel stick for malaria testing,2013,15.1,Male,Units,%,Reported,Free,End of fieldwork,Under 5 years old
Madagascar,MG,MDG,450,Malaria diagnostics - percentage of febrile children (under age 5) who had a finger or heel stick for malaria testing,2018,13.3,Male,Units,%,Reported,Free,End of fieldwork,Under 5 years old
Madagascar,MG,MDG,450,Malaria diagnostics - percentage of febrile children (under age 5) who had a finger or heel stick for malaria testing,2009,6,Total,Units,%,Reported,Free,End of fieldwork,Under 5 years old
Madagascar,MG,MDG,450,Malaria diagnostics - percentage of febrile children (under age 5) who had a finger or heel stick for malaria testing,2013,13.4,Total,Units,%,Reported,Free,End of fieldwork,Under 5 years old
Madagascar,MG,MDG,450,Malaria diagnostics - percentage of febrile children (under age 5) who had a finger or heel stick for malaria testing,2016,15.5,Total,Units,%,Reported,Free,End of fieldwork,Under 5 years old
Madagascar,MG,MDG,450,Malaria diagnostics - percentage of febrile children (under age 5) who had a finger or heel stick for malaria testing,2018,13,Total,Units,%,Reported,Free,End of fieldwork,Under 5 years old
Madagascar,MG,MDG,450,Malaria diagnostics - percentage of febrile children (under age 5) who had a finger or heel stick for malaria testing,2021,19.9,Total,Units,%,Reported,Free,End of fieldwork,Under 5 years old
Malawi,MW,MWI,454,Malaria diagnostics - percentage of febrile children (under age 5) who had a finger or heel stick for malaria testing,2012,19.5,Female,Units,%,Reported,Free,End of fieldwork,Under 5 years old
Malawi,MW,MWI,454,Malaria diagnostics - percentage of febrile children (under age 5) who had a finger or heel stick for malaria testing,2014,39.9,Female,Units,%,Reported,Free,End of fieldwork,Under 5 years old
Malawi,MW,MWI,454,Malaria diagnostics - percentage of febrile children (under age 5) who had a finger or heel stick for malaria testing,2017,35.6,Female,Units,%,Reported,Free,End of fieldwork,Under 5 years old
Malawi,MW,MWI,454,Malaria diagnostics - percentage of febrile children (under age 5) who had a finger or heel stick for malaria testing,2020,54.8,Female,Units,%,Reported,Free,End of fieldwork,Under 5 years old
Malawi,MW,MWI,454,Malaria diagnostics - percentage of febrile children (under age 5) who had a finger or heel stick for malaria testing,2012,22.6,Male,Units,%,Reported,Free,End of fieldwork,Under 5 years old
Malawi,MW,MWI,454,Malaria diagnostics - percentage of febrile children (under age 5) who had a finger or heel stick for malaria testing,2014,43.2,Male,Units,%,Reported,Free,End of fieldwork,Under 5 years old
Malawi,MW,MWI,454,Malaria diagnostics - percentage of febrile children (under age 5) who had a finger or heel stick for malaria testing,2017,39.4,Male,Units,%,Reported,Free,End of fieldwork,Under 5 years old
Malawi,MW,MWI,454,Malaria diagnostics - percentage of febrile children (under age 5) who had a finger or heel stick for malaria testing,2020,56.5,Male,Units,%,Reported,Free,End of fieldwork,Under 5 years old
Malawi,MW,MWI,454,Malaria diagnostics - percentage of febrile children (under age 5) who had a finger or heel stick for malaria testing,2010,17.4,Total,Units,%,Reported,Free,End of fieldwork,Under 5 years old
Malawi,MW,MWI,454,Malaria diagnostics - percentage of febrile children (under age 5) who had a finger or heel stick for malaria testing,2012,21,Total,Units,%,Reported,Free,End of fieldwork,Under 5 years old
Malawi,MW,MWI,454,Malaria diagnostics - percentage of febrile children (under age 5) who had a finger or heel stick for malaria testing,2014,41.5,Total,Units,%,Reported,Free,End of fieldwork,Under 5 years old
Malawi,MW,MWI,454,Malaria diagnostics - percentage of febrile children (under age 5) who had a finger or heel stick for malaria testing,2016,52,Total,Units,%,Reported,Free,End of fieldwork,Under 5 years old
Malawi,MW,MWI,454,Malaria diagnostics - percentage of febrile children (under age 5) who had a finger or heel stick for malaria testing,2017,37.6,Total,Units,%,Reported,Free,End of fieldwork,Under 5 years old
Malawi,MW,MWI,454,Malaria diagnostics - percentage of febrile children (under age 5) who had a finger or heel stick for malaria testing,2020,55.6,Total,Units,%,Reported,Free,End of fieldwork,Under 5 years old
Mali,ML,MLI,466,Malaria diagnostics - percentage of febrile children (under age 5) who had a finger or heel stick for malaria testing,2010,6.4,Female,Units,%,Reported,Free,End of fieldwork,Under 5 years old
Mali,ML,MLI,466,Malaria diagnostics - percentage of febrile children (under age 5) who had a finger or heel stick for malaria testing,2015,12.3,Female,Units,%,Reported,Free,End of fieldwork,Under 5 years old
Mali,ML,MLI,466,Malaria diagnostics - percentage of febrile children (under age 5) who had a finger or heel stick for malaria testing,2021,23.1,Female,Units,%,Reported,Free,End of fieldwork,Under 5 years old
Mali,ML,MLI,466,Malaria diagnostics - percentage of febrile children (under age 5) who had a finger or heel stick for malaria testing,2010,5.9,Male,Units,%,Reported,Free,End of fieldwork,Under 5 years old
Mali,ML,MLI,466,Malaria diagnostics - percentage of febrile children (under age 5) who had a finger or heel stick for malaria testing,2015,16,Male,Units,%,Reported,Free,End of fieldwork,Under 5 years old
Mali,ML,MLI,466,Malaria diagnostics - percentage of febrile children (under age 5) who had a finger or heel stick for malaria testing,2021,23.6,Male,Units,%,Reported,Free,End of fieldwork,Under 5 years old
Mali,ML,MLI,466,Malaria diagnostics - percentage of febrile children (under age 5) who had a finger or heel stick for malaria testing,2010,6.1,Total,Units,%,Reported,Free,End of fieldwork,Under 5 years old
Mali,ML,MLI,466,Malaria diagnostics - percentage of febrile children (under age 5) who had a finger or heel stick for malaria testing,2015,14.2,Total,Units,%,Reported,Free,End of fieldwork,Under 5 years old
Mali,ML,MLI,466,Malaria diagnostics - percentage of febrile children (under age 5) who had a finger or heel stick for malaria testing,2018,16.4,Total,Units,%,Reported,Free,End of fieldwork,Under 5 years old
Mali,ML,MLI,466,Malaria diagnostics - percentage of febrile children (under age 5) who had a finger or heel stick for malaria testing,2021,23.3,Total,Units,%,Reported,Free,End of fieldwork,Under 5 years old
Mauritania,MR,MRT,478,Malaria diagnostics - percentage of febrile children (under age 5) who had a finger or heel stick for malaria testing,2011,6,Female,Units,%,Reported,Free,End of fieldwork,Under 5 years old
Mauritania,MR,MRT,478,Malaria diagnostics - percentage of febrile children (under age 5) who had a finger or heel stick for malaria testing,2011,4.3,Male,Units,%,Reported,Free,End of fieldwork,Under 5 years old
Mauritania,MR,MRT,478,Malaria diagnostics - percentage of febrile children (under age 5) who had a finger or heel stick for malaria testing,2011,5.1,Total,Units,%,Reported,Free,End of fieldwork,Under 5 years old
Mauritania,MR,MRT,478,Malaria diagnostics - percentage of febrile children (under age 5) who had a finger or heel stick for malaria testing,2015,13,Total,Units,%,Reported,Free,End of fieldwork,Under 5 years old
Mauritania,MR,MRT,478,Malaria diagnostics - percentage of febrile children (under age 5) who had a finger or heel stick for malaria testing,2021,5.8,Total,Units,%,Reported,Free,End of fieldwork,Under 5 years old
Mozambique,MZ,MOZ,508,Malaria diagnostics - percentage of febrile children (under age 5) who had a finger or heel stick for malaria testing,2011,29.8,Female,Units,%,Reported,Free,End of fieldwork,Under 5 years old
Mozambique,MZ,MOZ,508,Malaria diagnostics - percentage of febrile children (under age 5) who had a finger or heel stick for malaria testing,2015,40.9,Female,Units,%,Reported,Free,End of fieldwork,Under 5 years old
Mozambique,MZ,MOZ,508,Malaria diagnostics - percentage of febrile children (under age 5) who had a finger or heel stick for malaria testing,2018,48,Female,Units,%,Reported,Free,End of fieldwork,Under 5 years old
Mozambique,MZ,MOZ,508,Malaria diagnostics - percentage of febrile children (under age 5) who had a finger or heel stick for malaria testing,2011,29.7,Male,Units,%,Reported,Free,End of fieldwork,Under 5 years old
Mozambique,MZ,MOZ,508,Malaria diagnostics - percentage of febrile children (under age 5) who had a finger or heel stick for malaria testing,2015,38.4,Male,Units,%,Reported,Free,End of fieldwork,Under 5 years old
Mozambique,MZ,MOZ,508,Malaria diagnostics - percentage of febrile children (under age 5) who had a finger or heel stick for malaria testing,2018,47.9,Male,Units,%,Reported,Free,End of fieldwork,Under 5 years old
Mozambique,MZ,MOZ,508,Malaria diagnostics - percentage of febrile children (under age 5) who had a finger or heel stick for malaria testing,2011,29.8,Total,Units,%,Reported,Free,End of fieldwork,Under 5 years old
Mozambique,MZ,MOZ,508,Malaria diagnostics - percentage of febrile children (under age 5) who had a finger or heel stick for malaria testing,2015,39.6,Total,Units,%,Reported,Free,End of fieldwork,Under 5 years old
Mozambique,MZ,MOZ,508,Malaria diagnostics - percentage of febrile children (under age 5) who had a finger or heel stick for malaria testing,2018,47.9,Total,Units,%,Reported,Free,End of fieldwork,Under 5 years old
Mozambique,MZ,MOZ,508,Malaria diagnostics - percentage of febrile children (under age 5) who had a finger or heel stick for malaria testing,2023,51.2,Total,Units,%,Reported,Free,End of fieldwork,Under 5 years old
Myanmar,MM,MMR,104,Malaria diagnostics - percentage of febrile children (under age 5) who had a finger or heel stick for malaria testing,2016,3,Total,Units,%,Reported,Free,End of fieldwork,Under 5 years old
Namibia,,NAM,516,Malaria diagnostics - percentage of febrile children (under age 5) who had a finger or heel stick for malaria testing,2009,12.4,Female,Units,%,Reported,Free,End of fieldwork,Under 5 years old
Namibia,,NAM,516,Malaria diagnostics - percentage of febrile children (under age 5) who had a finger or heel stick for malaria testing,2013,19.8,Female,Units,%,Reported,Free,End of fieldwork,Under 5 years old
Namibia,,NAM,516,Malaria diagnostics - percentage of febrile children (under age 5) who had a finger or heel stick for malaria testing,2009,10.7,Male,Units,%,Reported,Free,End of fieldwork,Under 5 years old
Namibia,,NAM,516,Malaria diagnostics - percentage of febrile children (under age 5) who had a finger or heel stick for malaria testing,2013,23.7,Male,Units,%,Reported,Free,End of fieldwork,Under 5 years old
Namibia,,NAM,516,Malaria diagnostics - percentage of febrile children (under age 5) who had a finger or heel stick for malaria testing,2009,11.5,Total,Units,%,Reported,Free,End of fieldwork,Under 5 years old
Namibia,,NAM,516,Malaria diagnostics - percentage of febrile children (under age 5) who had a finger or heel stick for malaria testing,2013,21.8,Total,Units,%,Reported,Free,End of fieldwork,Under 5 years old
Nepal,NP,NPL,524,Malaria diagnostics - percentage of febrile children (under age 5) who had a finger or heel stick for malaria testing,2014,5.4,Female,Units,%,Reported,Free,End of fieldwork,Under 5 years old
Nepal,NP,NPL,524,Malaria diagnostics - percentage of febrile children (under age 5) who had a finger or heel stick for malaria testing,2019,8.5,Female,Units,%,Reported,Free,End of fieldwork,Under 5 years old
Nepal,NP,NPL,524,Malaria diagnostics - percentage of febrile children (under age 5) who had a finger or heel stick for malaria testing,2014,4.3,Male,Units,%,Reported,Free,End of fieldwork,Under 5 years old
Nepal,NP,NPL,524,Malaria diagnostics - percentage of febrile children (under age 5) who had a finger or heel stick for malaria testing,2019,9.8,Male,Units,%,Reported,Free,End of fieldwork,Under 5 years old
Nepal,NP,NPL,524,Malaria diagnostics - percentage of febrile children (under age 5) who had a finger or heel stick for malaria testing,2014,4.8,Total,Units,%,Reported,Free,End of fieldwork,Under 5 years old
Nepal,NP,NPL,524,Malaria diagnostics - percentage of febrile children (under age 5) who had a finger or heel stick for malaria testing,2019,9.2,Total,Units,%,Reported,Free,End of fieldwork,Under 5 years old
Niger,NE,NER,562,Malaria diagnostics - percentage of febrile children (under age 5) who had a finger or heel stick for malaria testing,2012,13.5,Female,Units,%,Reported,Free,End of fieldwork,Under 5 years old
Niger,NE,NER,562,Malaria diagnostics - percentage of febrile children (under age 5) who had a finger or heel stick for malaria testing,2021,31.4,Female,Units,%,Reported,Free,End of fieldwork,Under 5 years old
Niger,NE,NER,562,Malaria diagnostics - percentage of febrile children (under age 5) who had a finger or heel stick for malaria testing,2012,13.6,Male,Units,%,Reported,Free,End of fieldwork,Under 5 years old
Niger,NE,NER,562,Malaria diagnostics - percentage of febrile children (under age 5) who had a finger or heel stick for malaria testing,2021,32.3,Male,Units,%,Reported,Free,End of fieldwork,Under 5 years old
Niger,NE,NER,562,Malaria diagnostics - percentage of febrile children (under age 5) who had a finger or heel stick for malaria testing,2012,13.6,Total,Units,%,Reported,Free,End of fieldwork,Under 5 years old
Niger,NE,NER,562,Malaria diagnostics - percentage of febrile children (under age 5) who had a finger or heel stick for malaria testing,2021,31.9,Total,Units,%,Reported,Free,End of fieldwork,Under 5 years old
Nigeria,NG,NGA,566,Malaria diagnostics - percentage of febrile children (under age 5) who had a finger or heel stick for malaria testing,2010,6,Female,Units,%,Reported,Free,End of fieldwork,Under 5 years old
Nigeria,NG,NGA,566,Malaria diagnostics - percentage of febrile children (under age 5) who had a finger or heel stick for malaria testing,2013,10.8,Female,Units,%,Reported,Free,End of fieldwork,Under 5 years old
Nigeria,NG,NGA,566,Malaria diagnostics - percentage of febrile children (under age 5) who had a finger or heel stick for malaria testing,2017,13.6,Female,Units,%,Reported,Free,End of fieldwork,Under 5 years old
Nigeria,NG,NGA,566,Malaria diagnostics - percentage of febrile children (under age 5) who had a finger or heel stick for malaria testing,2018,13.7,Female,Units,%,Reported,Free,End of fieldwork,Under 5 years old
Nigeria,NG,NGA,566,Malaria diagnostics - percentage of febrile children (under age 5) who had a finger or heel stick for malaria testing,2021,16.3,Female,Units,%,Reported,Free,End of fieldwork,Under 5 years old
Nigeria,NG,NGA,566,Malaria diagnostics - percentage of febrile children (under age 5) who had a finger or heel stick for malaria testing,2010,4.9,Male,Units,%,Reported,Free,End of fieldwork,Under 5 years old
Nigeria,NG,NGA,566,Malaria diagnostics - percentage of febrile children (under age 5) who had a finger or heel stick for malaria testing,2013,11.4,Male,Units,%,Reported,Free,End of fieldwork,Under 5 years old
Nigeria,NG,NGA,566,Malaria diagnostics - percentage of febrile children (under age 5) who had a finger or heel stick for malaria testing,2017,14,Male,Units,%,Reported,Free,End of fieldwork,Under 5 years old
Nigeria,NG,NGA,566,Malaria diagnostics - percentage of febrile children (under age 5) who had a finger or heel stick for malaria testing,2018,13.9,Male,Units,%,Reported,Free,End of fieldwork,Under 5 years old
Nigeria,NG,NGA,566,Malaria diagnostics - percentage of febrile children (under age 5) who had a finger or heel stick for malaria testing,2021,17.2,Male,Units,%,Reported,Free,End of fieldwork,Under 5 years old
Nigeria,NG,NGA,566,Malaria diagnostics - percentage of febrile children (under age 5) who had a finger or heel stick for malaria testing,2009,5.6,Total,Units,%,Reported,Free,End of fieldwork,Under 5 years old
Nigeria,NG,NGA,566,Malaria diagnostics - percentage of febrile children (under age 5) who had a finger or heel stick for malaria testing,2010,5.4,Total,Units,%,Reported,Free,End of fieldwork,Under 5 years old
Nigeria,NG,NGA,566,Malaria diagnostics - percentage of febrile children (under age 5) who had a finger or heel stick for malaria testing,2013,11.1,Total,Units,%,Reported,Free,End of fieldwork,Under 5 years old
Nigeria,NG,NGA,566,Malaria diagnostics - percentage of febrile children (under age 5) who had a finger or heel stick for malaria testing,2015,8.9,Total,Units,%,Reported,Free,End of fieldwork,Under 5 years old
Nigeria,NG,NGA,566,Malaria diagnostics - percentage of febrile children (under age 5) who had a finger or heel stick for malaria testing,2017,13.8,Total,Units,%,Reported,Free,End of fieldwork,Under 5 years old
Nigeria,NG,NGA,566,Malaria diagnostics - percentage of febrile children (under age 5) who had a finger or heel stick for malaria testing,2018,13.8,Total,Units,%,Reported,Free,End of fieldwork,Under 5 years old
Papua New Guinea,PG,PNG,598,Malaria diagnostics - percentage of febrile children (under age 5) who had a finger or heel stick for malaria testing,2018,24.6,Total,Units,%,Reported,Free,End of fieldwork,Under 5 years old
Rwanda,RW,RWA,646,Malaria diagnostics - percentage of febrile children (under age 5) who had a finger or heel stick for malaria testing,2011,18.9,Female,Units,%,Reported,Free,End of fieldwork,Under 5 years old
Rwanda,RW,RWA,646,Malaria diagnostics - percentage of febrile children (under age 5) who had a finger or heel stick for malaria testing,2013,31,Female,Units,%,Reported,Free,End of fieldwork,Under 5 years old
Rwanda,RW,RWA,646,Malaria diagnostics - percentage of febrile children (under age 5) who had a finger or heel stick for malaria testing,2015,35.2,Female,Units,%,Reported,Free,End of fieldwork,Under 5 years old
Rwanda,RW,RWA,646,Malaria diagnostics - percentage of febrile children (under age 5) who had a finger or heel stick for malaria testing,2017,39.4,Female,Units,%,Reported,Free,End of fieldwork,Under 5 years old
Rwanda,RW,RWA,646,Malaria diagnostics - percentage of febrile children (under age 5) who had a finger or heel stick for malaria testing,2020,41,Female,Units,%,Reported,Free,End of fieldwork,Under 5 years old
Rwanda,RW,RWA,646,Malaria diagnostics - percentage of febrile children (under age 5) who had a finger or heel stick for malaria testing,2011,22.8,Male,Units,%,Reported,Free,End of fieldwork,Under 5 years old
Rwanda,RW,RWA,646,Malaria diagnostics - percentage of febrile children (under age 5) who had a finger or heel stick for malaria testing,2013,29.7,Male,Units,%,Reported,Free,End of fieldwork,Under 5 years old
Rwanda,RW,RWA,646,Malaria diagnostics - percentage of febrile children (under age 5) who had a finger or heel stick for malaria testing,2015,36.9,Male,Units,%,Reported,Free,End of fieldwork,Under 5 years old
Rwanda,RW,RWA,646,Malaria diagnostics - percentage of febrile children (under age 5) who had a finger or heel stick for malaria testing,2017,37.1,Male,Units,%,Reported,Free,End of fieldwork,Under 5 years old
Rwanda,RW,RWA,646,Malaria diagnostics - percentage of febrile children (under age 5) who had a finger or heel stick for malaria testing,2020,40.4,Male,Units,%,Reported,Free,End of fieldwork,Under 5 years old
Rwanda,RW,RWA,646,Malaria diagnostics - percentage of febrile children (under age 5) who had a finger or heel stick for malaria testing,2011,21,Total,Units,%,Reported,Free,End of fieldwork,Under 5 years old
Rwanda,RW,RWA,646,Malaria diagnostics - percentage of febrile children (under age 5) who had a finger or heel stick for malaria testing,2013,30.4,Total,Units,%,Reported,Free,End of fieldwork,Under 5 years old
Rwanda,RW,RWA,646,Malaria diagnostics - percentage of febrile children (under age 5) who had a finger or heel stick for malaria testing,2015,36.1,Total,Units,%,Reported,Free,End of fieldwork,Under 5 years old
Rwanda,RW,RWA,646,Malaria diagnostics - percentage of febrile children (under age 5) who had a finger or heel stick for malaria testing,2017,38.1,Total,Units,%,Reported,Free,End of fieldwork,Under 5 years old
Rwanda,RW,RWA,646,Malaria diagnostics - percentage of febrile children (under age 5) who had a finger or heel stick for malaria testing,2020,40.7,Total,Units,%,Reported,Free,End of fieldwork,Under 5 years old
Sao Tome and Principe,ST,STP,678,Malaria diagnostics - percentage of febrile children (under age 5) who had a finger or heel stick for malaria testing,2014,41.5,Female,Units,%,Reported,Free,End of fieldwork,Under 5 years old
Sao Tome and Principe,ST,STP,678,Malaria diagnostics - percentage of febrile children (under age 5) who had a finger or heel stick for malaria testing,2019,32.6,Female,Units,%,Reported,Free,End of fieldwork,Under 5 years old
Sao Tome and Principe,ST,STP,678,Malaria diagnostics - percentage of febrile children (under age 5) who had a finger or heel stick for malaria testing,2014,42.5,Male,Units,%,Reported,Free,End of fieldwork,Under 5 years old
Sao Tome and Principe,ST,STP,678,Malaria diagnostics - percentage of febrile children (under age 5) who had a finger or heel stick for malaria testing,2019,27.5,Male,Units,%,Reported,Free,End of fieldwork,Under 5 years old
Sao Tome and Principe,ST,STP,678,Malaria diagnostics - percentage of febrile children (under age 5) who had a finger or heel stick for malaria testing,2014,42,Total,Units,%,Reported,Free,End of fieldwork,Under 5 years old
Sao Tome and Principe,ST,STP,678,Malaria diagnostics - percentage of febrile children (under age 5) who had a finger or heel stick for malaria testing,2019,30,Total,Units,%,Reported,Free,End of fieldwork,Under 5 years old
Senegal,SN,SEN,686,Malaria diagnostics - percentage of febrile children (under age 5) who had a finger or heel stick for malaria testing,2011,10.7,Female,Units,%,Reported,Free,End of fieldwork,Under 5 years old
Senegal,SN,SEN,686,Malaria diagnostics - percentage of febrile children (under age 5) who had a finger or heel stick for malaria testing,2015,9,Female,Units,%,Reported,Free,End of fieldwork,Under 5 years old
Senegal,SN,SEN,686,Malaria diagnostics - percentage of febrile children (under age 5) who had a finger or heel stick for malaria testing,2016,12.2,Female,Units,%,Reported,Free,End of fieldwork,Under 5 years old
Senegal,SN,SEN,686,Malaria diagnostics - percentage of febrile children (under age 5) who had a finger or heel stick for malaria testing,2017,15.2,Female,Units,%,Reported,Free,End of fieldwork,Under 5 years old
Senegal,SN,SEN,686,Malaria diagnostics - percentage of febrile children (under age 5) who had a finger or heel stick for malaria testing,2018,13.5,Female,Units,%,Reported,Free,End of fieldwork,Under 5 years old
Senegal,SN,SEN,686,Malaria diagnostics - percentage of febrile children (under age 5) who had a finger or heel stick for malaria testing,2021,18.2,Female,Units,%,Reported,Free,End of fieldwork,Under 5 years old
Senegal,SN,SEN,686,Malaria diagnostics - percentage of febrile children (under age 5) who had a finger or heel stick for malaria testing,2011,8.9,Male,Units,%,Reported,Free,End of fieldwork,Under 5 years old
Senegal,SN,SEN,686,Malaria diagnostics - percentage of febrile children (under age 5) who had a finger or heel stick for malaria testing,2015,10.1,Male,Units,%,Reported,Free,End of fieldwork,Under 5 years old
Senegal,SN,SEN,686,Malaria diagnostics - percentage of febrile children (under age 5) who had a finger or heel stick for malaria testing,2016,13.6,Male,Units,%,Reported,Free,End of fieldwork,Under 5 years old
Senegal,SN,SEN,686,Malaria diagnostics - percentage of febrile children (under age 5) who had a finger or heel stick for malaria testing,2017,16.9,Male,Units,%,Reported,Free,End of fieldwork,Under 5 years old
Senegal,SN,SEN,686,Malaria diagnostics - percentage of febrile children (under age 5) who had a finger or heel stick for malaria testing,2018,14,Male,Units,%,Reported,Free,End of fieldwork,Under 5 years old
Senegal,SN,SEN,686,Malaria diagnostics - percentage of febrile children (under age 5) who had a finger or heel stick for malaria testing,2021,25.3,Male,Units,%,Reported,Free,End of fieldwork,Under 5 years old
Senegal,SN,SEN,686,Malaria diagnostics - percentage of febrile children (under age 5) who had a finger or heel stick for malaria testing,2009,4.9,Total,Units,%,Reported,Free,End of fieldwork,Under 5 years old
Senegal,SN,SEN,686,Malaria diagnostics - percentage of febrile children (under age 5) who had a finger or heel stick for malaria testing,2011,9.7,Total,Units,%,Reported,Free,End of fieldwork,Under 5 years old
Senegal,SN,SEN,686,Malaria diagnostics - percentage of febrile children (under age 5) who had a finger or heel stick for malaria testing,2015,9.5,Total,Units,%,Reported,Free,End of fieldwork,Under 5 years old
Senegal,SN,SEN,686,Malaria diagnostics - percentage of febrile children (under age 5) who had a finger or heel stick for malaria testing,2016,13,Total,Units,%,Reported,Free,End of fieldwork,Under 5 years old
Senegal,SN,SEN,686,Malaria diagnostics - percentage of febrile children (under age 5) who had a finger or heel stick for malaria testing,2017,16.1,Total,Units,%,Reported,Free,End of fieldwork,Under 5 years old
Senegal,SN,SEN,686,Malaria diagnostics - percentage of febrile children (under age 5) who had a finger or heel stick for malaria testing,2018,13.8,Total,Units,%,Reported,Free,End of fieldwork,Under 5 years old
Senegal,SN,SEN,686,Malaria diagnostics - percentage of febrile children (under age 5) who had a finger or heel stick for malaria testing,2021,21.7,Total,Units,%,Reported,Free,End of fieldwork,Under 5 years old
Sierra Leone,SL,SLE,694,Malaria diagnostics - percentage of febrile children (under age 5) who had a finger or heel stick for malaria testing,2010,26.4,Female,Units,%,Reported,Free,End of fieldwork,Under 5 years old
Sierra Leone,SL,SLE,694,Malaria diagnostics - percentage of febrile children (under age 5) who had a finger or heel stick for malaria testing,2013,39.3,Female,Units,%,Reported,Free,End of fieldwork,Under 5 years old
Sierra Leone,SL,SLE,694,Malaria diagnostics - percentage of febrile children (under age 5) who had a finger or heel stick for malaria testing,2017,50,Female,Units,%,Reported,Free,End of fieldwork,Under 5 years old
Sierra Leone,SL,SLE,694,Malaria diagnostics - percentage of febrile children (under age 5) who had a finger or heel stick for malaria testing,2010,24.6,Male,Units,%,Reported,Free,End of fieldwork,Under 5 years old
Sierra Leone,SL,SLE,694,Malaria diagnostics - percentage of febrile children (under age 5) who had a finger or heel stick for malaria testing,2013,40,Male,Units,%,Reported,Free,End of fieldwork,Under 5 years old
Sierra Leone,SL,SLE,694,Malaria diagnostics - percentage of febrile children (under age 5) who had a finger or heel stick for malaria testing,2017,50.2,Male,Units,%,Reported,Free,End of fieldwork,Under 5 years old
Sierra Leone,SL,SLE,694,Malaria diagnostics - percentage of febrile children (under age 5) who had a finger or heel stick for malaria testing,2010,25.5,Total,Units,%,Reported,Free,End of fieldwork,Under 5 years old
Sierra Leone,SL,SLE,694,Malaria diagnostics - percentage of febrile children (under age 5) who had a finger or heel stick for malaria testing,2013,39.6,Total,Units,%,Reported,Free,End of fieldwork,Under 5 years old
Sierra Leone,SL,SLE,694,Malaria diagnostics - percentage of febrile children (under age 5) who had a finger or heel stick for malaria testing,2016,51.1,Total,Units,%,Reported,Free,End of fieldwork,Under 5 years old
Sierra Leone,SL,SLE,694,Malaria diagnostics - percentage of febrile children (under age 5) who had a finger or heel stick for malaria testing,2017,50.1,Total,Units,%,Reported,Free,End of fieldwork,Under 5 years old
Solomon Islands,SB,SLB,90,Malaria diagnostics - percentage of febrile children (under age 5) who had a finger or heel stick for malaria testing,2015,40.3,Female,Units,%,Reported,Free,End of fieldwork,Under 5 years old
Solomon Islands,SB,SLB,90,Malaria diagnostics - percentage of febrile children (under age 5) who had a finger or heel stick for malaria testing,2015,37.2,Male,Units,%,Reported,Free,End of fieldwork,Under 5 years old
Solomon Islands,SB,SLB,90,Malaria diagnostics - percentage of febrile children (under age 5) who had a finger or heel stick for malaria testing,2015,38.5,Total,Units,%,Reported,Free,End of fieldwork,Under 5 years old
South Sudan,SS,SSD,728,Malaria diagnostics - percentage of febrile children (under age 5) who had a finger or heel stick for malaria testing,2010,28,Female,Units,%,Reported,Free,End of fieldwork,Under 5 years old
South Sudan,SS,SSD,728,Malaria diagnostics - percentage of febrile children (under age 5) who had a finger or heel stick for malaria testing,2010,28.1,Male,Units,%,Reported,Free,End of fieldwork,Under 5 years old
South Sudan,SS,SSD,728,Malaria diagnostics - percentage of febrile children (under age 5) who had a finger or heel stick for malaria testing,2009,27.2,Total,Units,%,Reported,Free,End of fieldwork,Under 5 years old
South Sudan,SS,SSD,728,Malaria diagnostics - percentage of febrile children (under age 5) who had a finger or heel stick for malaria testing,2010,28,Total,Units,%,Reported,Free,End of fieldwork,Under 5 years old
South Sudan,SS,SSD,728,Malaria diagnostics - percentage of febrile children (under age 5) who had a finger or heel stick for malaria testing,2013,27.6,Total,Units,%,Reported,Free,End of fieldwork,Under 5 years old
Sudan,SD,SDN,736,Malaria diagnostics - percentage of febrile children (under age 5) who had a finger or heel stick for malaria testing,2010,52.8,Female,Units,%,Reported,Free,End of fieldwork,Under 5 years old
Sudan,SD,SDN,736,Malaria diagnostics - percentage of febrile children (under age 5) who had a finger or heel stick for malaria testing,2010,62,Male,Units,%,Reported,Free,End of fieldwork,Under 5 years old
Sudan,SD,SDN,736,Malaria diagnostics - percentage of febrile children (under age 5) who had a finger or heel stick for malaria testing,2010,57.4,Total,Units,%,Reported,Free,End of fieldwork,Under 5 years old
Suriname,SR,SUR,740,Malaria diagnostics - percentage of febrile children (under age 5) who had a finger or heel stick for malaria testing,2010,14.4,Female,Units,%,Reported,Free,End of fieldwork,Under 5 years old
Suriname,SR,SUR,740,Malaria diagnostics - percentage of febrile children (under age 5) who had a finger or heel stick for malaria testing,2010,15.4,Male,Units,%,Reported,Free,End of fieldwork,Under 5 years old
Suriname,SR,SUR,740,Malaria diagnostics - percentage of febrile children (under age 5) who had a finger or heel stick for malaria testing,2010,14.9,Total,Units,%,Reported,Free,End of fieldwork,Under 5 years old
Tajikistan,TJ,TJK,762,Malaria diagnostics - percentage of febrile children (under age 5) who had a finger or heel stick for malaria testing,2017,9.9,Female,Units,%,Reported,Free,End of fieldwork,Under 5 years old
Tajikistan,TJ,TJK,762,Malaria diagnostics - percentage of febrile children (under age 5) who had a finger or heel stick for malaria testing,2017,14.1,Male,Units,%,Reported,Free,End of fieldwork,Under 5 years old
Tajikistan,TJ,TJK,762,Malaria diagnostics - percentage of febrile children (under age 5) who had a finger or heel stick for malaria testing,2017,12.1,Total,Units,%,Reported,Free,End of fieldwork,Under 5 years old
Timor-Leste,TL,TLS,626,Malaria diagnostics - percentage of febrile children (under age 5) who had a finger or heel stick for malaria testing,2016,23.9,Female,Units,%,Reported,Free,End of fieldwork,Under 5 years old
Timor-Leste,TL,TLS,626,Malaria diagnostics - percentage of febrile children (under age 5) who had a finger or heel stick for malaria testing,2016,25.1,Male,Units,%,Reported,Free,End of fieldwork,Under 5 years old
Timor-Leste,TL,TLS,626,Malaria diagnostics - percentage of febrile children (under age 5) who had a finger or heel stick for malaria testing,2016,24.5,Total,Units,%,Reported,Free,End of fieldwork,Under 5 years old
Togo,TG,TGO,768,Malaria diagnostics - percentage of febrile children (under age 5) who had a finger or heel stick for malaria testing,2010,18.2,Female,Units,%,Reported,Free,End of fieldwork,Under 5 years old
Togo,TG,TGO,768,Malaria diagnostics - percentage of febrile children (under age 5) who had a finger or heel stick for malaria testing,2014,23.1,Female,Units,%,Reported,Free,End of fieldwork,Under 5 years old
Togo,TG,TGO,768,Malaria diagnostics - percentage of febrile children (under age 5) who had a finger or heel stick for malaria testing,2017,27.4,Female,Units,%,Reported,Free,End of fieldwork,Under 5 years old
Togo,TG,TGO,768,Malaria diagnostics - percentage of febrile children (under age 5) who had a finger or heel stick for malaria testing,2010,18.6,Male,Units,%,Reported,Free,End of fieldwork,Under 5 years old
Togo,TG,TGO,768,Malaria diagnostics - percentage of febrile children (under age 5) who had a finger or heel stick for malaria testing,2014,24.4,Male,Units,%,Reported,Free,End of fieldwork,Under 5 years old
Togo,TG,TGO,768,Malaria diagnostics - percentage of febrile children (under age 5) who had a finger or heel stick for malaria testing,2017,27,Male,Units,%,Reported,Free,End of fieldwork,Under 5 years old
Togo,TG,TGO,768,Malaria diagnostics - percentage of febrile children (under age 5) who had a finger or heel stick for malaria testing,2010,18.4,Total,Units,%,Reported,Free,End of fieldwork,Under 5 years old
Togo,TG,TGO,768,Malaria diagnostics - percentage of febrile children (under age 5) who had a finger or heel stick for malaria testing,2014,23.8,Total,Units,%,Reported,Free,End of fieldwork,Under 5 years old
Togo,TG,TGO,768,Malaria diagnostics - percentage of febrile children (under age 5) who had a finger or heel stick for malaria testing,2017,27.1,Total,Units,%,Reported,Free,End of fieldwork,Under 5 years old
Uganda,UG,UGA,800,Malaria diagnostics - percentage of febrile children (under age 5) who had a finger or heel stick for malaria testing,2011,26.5,Female,Units,%,Reported,Free,End of fieldwork,Under 5 years old
Uganda,UG,UGA,800,Malaria diagnostics - percentage of febrile children (under age 5) who had a finger or heel stick for malaria testing,2015,37.7,Female,Units,%,Reported,Free,End of fieldwork,Under 5 years old
Uganda,UG,UGA,800,Malaria diagnostics - percentage of febrile children (under age 5) who had a finger or heel stick for malaria testing,2018,49.3,Female,Units,%,Reported,Free,End of fieldwork,Under 5 years old
Uganda,UG,UGA,800,Malaria diagnostics - percentage of febrile children (under age 5) who had a finger or heel stick for malaria testing,2011,25.3,Male,Units,%,Reported,Free,End of fieldwork,Under 5 years old
Uganda,UG,UGA,800,Malaria diagnostics - percentage of febrile children (under age 5) who had a finger or heel stick for malaria testing,2015,33.7,Male,Units,%,Reported,Free,End of fieldwork,Under 5 years old
Uganda,UG,UGA,800,Malaria diagnostics - percentage of febrile children (under age 5) who had a finger or heel stick for malaria testing,2018,52,Male,Units,%,Reported,Free,End of fieldwork,Under 5 years old
Uganda,UG,UGA,800,Malaria diagnostics - percentage of febrile children (under age 5) who had a finger or heel stick for malaria testing,2009,17.1,Total,Units,%,Reported,Free,End of fieldwork,Under 5 years old
Uganda,UG,UGA,800,Malaria diagnostics - percentage of febrile children (under age 5) who had a finger or heel stick for malaria testing,2011,25.9,Total,Units,%,Reported,Free,End of fieldwork,Under 5 years old
Uganda,UG,UGA,800,Malaria diagnostics - percentage of febrile children (under age 5) who had a finger or heel stick for malaria testing,2015,35.8,Total,Units,%,Reported,Free,End of fieldwork,Under 5 years old
Uganda,UG,UGA,800,Malaria diagnostics - percentage of febrile children (under age 5) who had a finger or heel stick for malaria testing,2016,49,Total,Units,%,Reported,Free,End of fieldwork,Under 5 years old
Uganda,UG,UGA,800,Malaria diagnostics - percentage of febrile children (under age 5) who had a finger or heel stick for malaria testing,2018,50.7,Total,Units,%,Reported,Free,End of fieldwork,Under 5 years old
"Tanzania, United Republic of",TZ,TZA,834,Malaria diagnostics - percentage of febrile children (under age 5) who had a finger or heel stick for malaria testing,2012,22.9,Female,Units,%,Reported,Free,End of fieldwork,Under 5 years old
"Tanzania, United Republic of",TZ,TZA,834,Malaria diagnostics - percentage of febrile children (under age 5) who had a finger or heel stick for malaria testing,2017,44.2,Female,Units,%,Reported,Free,End of fieldwork,Under 5 years old
"Tanzania, United Republic of",TZ,TZA,834,Malaria diagnostics - percentage of febrile children (under age 5) who had a finger or heel stick for malaria testing,2022,46.1,Female,Units,%,Reported,Free,End of fieldwork,Under 5 years old
"Tanzania, United Republic of",TZ,TZA,834,Malaria diagnostics - percentage of febrile children (under age 5) who had a finger or heel stick for malaria testing,2012,26.9,Male,Units,%,Reported,Free,End of fieldwork,Under 5 years old
"Tanzania, United Republic of",TZ,TZA,834,Malaria diagnostics - percentage of febrile children (under age 5) who had a finger or heel stick for malaria testing,2017,41.9,Male,Units,%,Reported,Free,End of fieldwork,Under 5 years old
"Tanzania, United Republic of",TZ,TZA,834,Malaria diagnostics - percentage of febrile children (under age 5) who had a finger or heel stick for malaria testing,2022,54.3,Male,Units,%,Reported,Free,End of fieldwork,Under 5 years old
"Tanzania, United Republic of",TZ,TZA,834,Malaria diagnostics - percentage of febrile children (under age 5) who had a finger or heel stick for malaria testing,2012,24.9,Total,Units,%,Reported,Free,End of fieldwork,Under 5 years old
"Tanzania, United Republic of",TZ,TZA,834,Malaria diagnostics - percentage of febrile children (under age 5) who had a finger or heel stick for malaria testing,2017,43.1,Total,Units,%,Reported,Free,End of fieldwork,Under 5 years old
"Tanzania, United Republic of",TZ,TZA,834,Malaria diagnostics - percentage of febrile children (under age 5) who had a finger or heel stick for malaria testing,2022,50.4,Total,Units,%,Reported,Free,End of fieldwork,Under 5 years old
Vietnam,VN,VNM,704,Malaria diagnostics - percentage of febrile children (under age 5) who had a finger or heel stick for malaria testing,2011,10.7,Total,Units,%,Reported,Free,End of fieldwork,Under 5 years old
Yemen,YE,YEM,887,Malaria diagnostics - percentage of febrile children (under age 5) who had a finger or heel stick for malaria testing,2013,14.7,Female,Units,%,Reported,Free,End of fieldwork,Under 5 years old
Yemen,YE,YEM,887,Malaria diagnostics - percentage of febrile children (under age 5) who had a finger or heel stick for malaria testing,2013,16.4,Male,Units,%,Reported,Free,End of fieldwork,Under 5 years old
Yemen,YE,YEM,887,Malaria diagnostics - percentage of febrile children (under age 5) who had a finger or heel stick for malaria testing,2013,15.6,Total,Units,%,Reported,Free,End of fieldwork,Under 5 years old
Zambia,ZM,ZMB,894,Malaria diagnostics - percentage of febrile children (under age 5) who had a finger or heel stick for malaria testing,2010,16.4,Female,Units,%,Reported,Free,End of fieldwork,Under 5 years old
Zambia,ZM,ZMB,894,Malaria diagnostics - percentage of febrile children (under age 5) who had a finger or heel stick for malaria testing,2012,32.8,Female,Units,%,Reported,Free,End of fieldwork,Under 5 years old
Zambia,ZM,ZMB,894,Malaria diagnostics - percentage of febrile children (under age 5) who had a finger or heel stick for malaria testing,2014,47.4,Female,Units,%,Reported,Free,End of fieldwork,Under 5 years old
Zambia,ZM,ZMB,894,Malaria diagnostics - percentage of febrile children (under age 5) who had a finger or heel stick for malaria testing,2018,53.2,Female,Units,%,Reported,Free,End of fieldwork,Under 5 years old
Zambia,ZM,ZMB,894,Malaria diagnostics - percentage of febrile children (under age 5) who had a finger or heel stick for malaria testing,2019,61.4,Female,Units,%,Reported,Free,End of fieldwork,Under 5 years old
Zambia,ZM,ZMB,894,Malaria diagnostics - percentage of febrile children (under age 5) who had a finger or heel stick for malaria testing,2010,17.1,Male,Units,%,Reported,Free,End of fieldwork,Under 5 years old
Zambia,ZM,ZMB,894,Malaria diagnostics - percentage of febrile children (under age 5) who had a finger or heel stick for malaria testing,2012,31.1,Male,Units,%,Reported,Free,End of fieldwork,Under 5 years old
Zambia,ZM,ZMB,894,Malaria diagnostics - percentage of febrile children (under age 5) who had a finger or heel stick for malaria testing,2014,49.8,Male,Units,%,Reported,Free,End of fieldwork,Under 5 years old
Zambia,ZM,ZMB,894,Malaria diagnostics - percentage of febrile children (under age 5) who had a finger or heel stick for malaria testing,2018,56.2,Male,Units,%,Reported,Free,End of fieldwork,Under 5 years old
Zambia,ZM,ZMB,894,Malaria diagnostics - percentage of febrile children (under age 5) who had a finger or heel stick for malaria testing,2019,64.4,Male,Units,%,Reported,Free,End of fieldwork,Under 5 years old
Zambia,ZM,ZMB,894,Malaria diagnostics - percentage of febrile children (under age 5) who had a finger or heel stick for malaria testing,2010,16.7,Total,Units,%,Reported,Free,End of fieldwork,Under 5 years old
Zambia,ZM,ZMB,894,Malaria diagnostics - percentage of febrile children (under age 5) who had a finger or heel stick for malaria testing,2012,32.3,Total,Units,%,Reported,Free,End of fieldwork,Under 5 years old
Zambia,ZM,ZMB,894,Malaria diagnostics - percentage of febrile children (under age 5) who had a finger or heel stick for malaria testing,2014,48.6,Total,Units,%,Reported,Free,End of fieldwork,Under 5 years old
Zambia,ZM,ZMB,894,Malaria diagnostics - percentage of febrile children (under age 5) who had a finger or heel stick for malaria testing,2018,54.9,Total,Units,%,Reported,Free,End of fieldwork,Under 5 years old
Zambia,ZM,ZMB,894,Malaria diagnostics - percentage of febrile children (under age 5) who had a finger or heel stick for malaria testing,2019,63,Total,Units,%,Reported,Free,End of fieldwork,Under 5 years old
Zimbabwe,ZW,ZWE,716,Malaria diagnostics - percentage of febrile children (under age 5) who had a finger or heel stick for malaria testing,2011,7,Female,Units,%,Reported,Free,End of fieldwork,Under 5 years old
Zimbabwe,ZW,ZWE,716,Malaria diagnostics - percentage of febrile children (under age 5) who had a finger or heel stick for malaria testing,2014,14.9,Female,Units,%,Reported,Free,End of fieldwork,Under 5 years old
Zimbabwe,ZW,ZWE,716,Malaria diagnostics - percentage of febrile children (under age 5) who had a finger or heel stick for malaria testing,2015,11.8,Female,Units,%,Reported,Free,End of fieldwork,Under 5 years old
Zimbabwe,ZW,ZWE,716,Malaria diagnostics - percentage of febrile children (under age 5) who had a finger or heel stick for malaria testing,2019,11.1,Female,Units,%,Reported,Free,End of fieldwork,Under 5 years old
Zimbabwe,ZW,ZWE,716,Malaria diagnostics - percentage of febrile children (under age 5) who had a finger or heel stick for malaria testing,2011,8,Male,Units,%,Reported,Free,End of fieldwork,Under 5 years old
Zimbabwe,ZW,ZWE,716,Malaria diagnostics - percentage of febrile children (under age 5) who had a finger or heel stick for malaria testing,2014,13.4,Male,Units,%,Reported,Free,End of fieldwork,Under 5 years old
Zimbabwe,ZW,ZWE,716,Malaria diagnostics - percentage of febrile children (under age 5) who had a finger or heel stick for malaria testing,2015,13.7,Male,Units,%,Reported,Free,End of fieldwork,Under 5 years old
Zimbabwe,ZW,ZWE,716,Malaria diagnostics - percentage of febrile children (under age 5) who had a finger or heel stick for malaria testing,2019,13.4,Male,Units,%,Reported,Free,End of fieldwork,Under 5 years old
Zimbabwe,ZW,ZWE,716,Malaria diagnostics - percentage of febrile children (under age 5) who had a finger or heel stick for malaria testing,2011,7,Total,Units,%,Reported,Free,End of fieldwork,Under 5 years old
Zimbabwe,ZW,ZWE,716,Malaria diagnostics - percentage of febrile children (under age 5) who had a finger or heel stick for malaria testing,2014,14.1,Total,Units,%,Reported,Free,End of fieldwork,Under 5 years old
Zimbabwe,ZW,ZWE,716,Malaria diagnostics - percentage of febrile children (under age 5) who had a finger or heel stick for malaria testing,2015,12.7,Total,Units,%,Reported,Free,End of fieldwork,Under 5 years old
Zimbabwe,ZW,ZWE,716,Malaria diagnostics - percentage of febrile children (under age 5) who had a finger or heel stick for malaria testing,2019,12.2,Total,Units,%,Reported,Free,End of fieldwork,Under 5 years old
